Model,Test Loss,Test Accuracy
Custom CNN,4.900363922119141,0.044646188616752625
MobileNetV2 Transfer Learning,3.978870391845703,0.17497824132442474
